id,objective_ref,status,impact_area,objective,baseline,owner
1,OBJ9643,LIVE,Energy Water & Carbon,"Quisque erat eros, viverra eget, congue eget, semper rutrum, nulla. Nunc purus. Phasellus in felis. Donec semper sapien a libero.",,Rebecca Bennett
2,OBJ7840,LIVE,Energy Water & Carbon,Maecenas rhoncus aliquam lacus. Morbi quis tortor id nulla ultrices aliquet.,vestibulum,Rebecca Bennett
3,OBJ6349,LIVE,Environmental Management,Praesent blandit.,volutpat eleifend donec,Rebecca Bennett
4,OBJ2104,LIVE,Energy Water & Carbon,"Morbi vestibulum, velit id pretium iaculis, diam erat fermentum justo, nec condimentum neque sapien placerat ante. Nulla justo. Aliquam quis turpis eget elit sodales scelerisque.",,Rebecca Bennett
5,OBJ0955,LIVE,Energy Water & Carbon,In hac habitasse platea dictumst. Etiam faucibus cursus urna. Ut tellus.,erat volutpat in congue etiam,Rebecca Bennett
6,OBJ7203,CLOSED,Environmental Management,Nulla mollis molestie lorem. Quisque ut erat. Curabitur gravida nisi at nibh.,,Rebecca Bennett
7,OBJ1744,CLOSED,Environmental Management,"Sed sagittis. Nam congue, risus semper porta volutpat, quam pede lobortis ligula, sit amet eleifend pede libero quis orci. Nullam molestie nibh in lectus.",aliquam convallis nunc proin at,Nia Prys-Williams
8,OBJ9211,LIVE,Energy Water & Carbon,"Donec odio justo, sollicitudin ut, suscipit a, feugiat et, eros.",mi,Nia Prys-Williams
9,OBJ4882,CLOSED,Energy Water & Carbon,Proin at turpis a pede posuere nonummy. Integer non velit.,vel nisl duis ac,Rebecca Bennett
10,OBJ9684,LIVE,Biodiversity,"Cras pellentesque volutpat dui. Maecenas tristique, est et tempus semper, est quam pharetra magna, ac consequat metus sapien ut nunc.",at,Rebecca Bennett
11,OBJ7271,LIVE,Biodiversity,"In est risus, auctor sed, tristique in, tempus sit amet, sem. Fusce consequat. Nulla nisl. Nunc nisl.",,Rebecca Bennett
12,OBJ4569,CLOSED,Biodiversity,Duis at velit eu est congue elementum.,,Rebecca Bennett
13,OBJ9245,LIVE,Community Engagement,"Donec semper sapien a libero. Nam dui. Proin leo odio, porttitor id, consequat in, consequat ut, nulla. Sed accumsan felis.",in,Nia Prys-Williams
14,OBJ7008,CLOSED,Travel & Transport,Maecenas pulvinar lobortis est. Phasellus sit amet erat. Nulla tempus. Vivamus in felis eu sapien cursus vestibulum.,tempor turpis nec,Rebecca Bennett
15,OBJ9943,CLOSED,Sustainable Procurement,Sed ante. Vivamus tortor.,,Rebecca Bennett
16,OBJ0390,LIVE,Community Engagement,"Curabitur gravida nisi at nibh. In hac habitasse platea dictumst. Aliquam augue quam, sollicitudin vitae, consectetuer eget, rutrum at, lorem. Integer tincidunt ante vel ipsum.",sed vel enim sit amet,Nia Prys-Williams
17,OBJ5231,CLOSED,Sustainable Procurement,"In sagittis dui vel nisl. Duis ac nibh. Fusce lacus purus, aliquet at, feugiat non, pretium quis, lectus.",,Rebecca Bennett
18,OBJ5997,CLOSED,Travel & Transport,Maecenas tincidunt lacus at velit. Vivamus vel nulla eget eros elementum pellentesque.,erat,Nia Prys-Williams
19,OBJ9918,LIVE,Community Engagement,Maecenas tincidunt lacus at velit.,,Rebecca Bennett
20,OBJ6853,LIVE,Community Engagement,"Lorem ipsum dolor sit amet, consectetuer adipiscing elit. Proin interdum mauris non ligula pellentesque ultrices. Phasellus id sapien in sapien iaculis congue.",,Nia Prys-Williams
21,OBJ6801,LIVE,Community Engagement,Cras non velit nec nisi vulputate nonummy. Maecenas tincidunt lacus at velit.,quis lectus suspendisse,Nia Prys-Williams
22,OBJ7959,LIVE,Community Engagement,Pellentesque ultrices mattis odio. Donec vitae nisi.,cubilia curae nulla dapibus,Nia Prys-Williams
23,OBJ5021,LIVE,Community Engagement,Etiam vel augue. Vestibulum rutrum rutrum neque. Aenean auctor gravida sem. Praesent id massa id nisl venenatis lacinia.,,Rebecca Bennett
24,OBJ1165,CLOSED,Community Engagement,"In tempor, turpis nec euismod scelerisque, quam turpis adipiscing lorem, vitae mattis nibh ligula nec sem. Duis aliquam convallis nunc. Proin at turpis a pede posuere nonummy.",,Nia Prys-Williams
25,OBJ5695,CLOSED,Environmental Management,Nullam varius.,,Nia Prys-Williams
26,OBJ1813,LIVE,Environmental Management,Integer a nibh. In quis justo.,nulla nunc purus,Nia Prys-Williams
27,OBJ0933,LIVE,Environmental Management,"Pellentesque eget nunc. Donec quis orci eget orci vehicula condimentum. Curabitur in libero ut massa volutpat convallis. Morbi odio odio, elementum eu, interdum eu, tincidunt in, leo.",,Rebecca Bennett
28,OBJ9614,LIVE,Biodiversity,Integer a nibh. In quis justo.,,Nia Prys-Williams
29,OBJ7883,CLOSED,Environmental Management,"Lorem ipsum dolor sit amet, consectetuer adipiscing elit. Proin interdum mauris non ligula pellentesque ultrices. Phasellus id sapien in sapien iaculis congue. Vivamus metus arcu, adipiscing molestie, hendrerit at, vulputate vitae, nisl.",eleifend donec ut dolor,Rebecca Bennett
30,OBJ6386,CLOSED,Energy Water & Carbon,"Morbi porttitor lorem id ligula. Suspendisse ornare consequat lectus. In est risus, auctor sed, tristique in, tempus sit amet, sem. Fusce consequat.",,Rebecca Bennett
31,OBJ3038,CLOSED,Travel & Transport,"Curabitur in libero ut massa volutpat convallis. Morbi odio odio, elementum eu, interdum eu, tincidunt in, leo. Maecenas pulvinar lobortis est. Phasellus sit amet erat.",vel,Nia Prys-Williams
32,OBJ4831,CLOSED,Energy Water & Carbon,"Donec ut mauris eget massa tempor convallis. Nulla neque libero, convallis eget, eleifend luctus, ultricies eu, nibh.",,Rebecca Bennett
33,OBJ1191,LIVE,Sustainable Procurement,Morbi ut odio.,sapien,Rebecca Bennett
34,OBJ3610,CLOSED,Environmental Management,Morbi porttitor lorem id ligula. Suspendisse ornare consequat lectus.,sed vel enim sit amet,Nia Prys-Williams
35,OBJ0732,CLOSED,Biodiversity,In hac habitasse platea dictumst. Maecenas ut massa quis augue luctus tincidunt. Nulla mollis molestie lorem. Quisque ut erat.,,Rebecca Bennett
36,OBJ5587,CLOSED,Community Engagement,"Cras mi pede, malesuada in, imperdiet et, commodo vulputate, justo. In blandit ultrices enim.",,Nia Prys-Williams
37,OBJ4692,LIVE,Waste Management,In hac habitasse platea dictumst.,,Nia Prys-Williams
38,OBJ7347,LIVE,Energy Water & Carbon,Fusce posuere felis sed lacus.,amet sem,Rebecca Bennett
39,OBJ2470,LIVE,Environmental Management,"Lorem ipsum dolor sit amet, consectetuer adipiscing elit. Proin risus. Praesent lectus. Vestibulum quam sapien, varius ut, blandit non, interdum in, ante.",,Rebecca Bennett
40,OBJ5866,LIVE,Energy Water & Carbon,"Quisque erat eros, viverra eget, congue eget, semper rutrum, nulla.",,Rebecca Bennett
41,OBJ5313,LIVE,Environmental Management,In eleifend quam a odio. In hac habitasse platea dictumst. Maecenas ut massa quis augue luctus tincidunt.,diam vitae quam suspendisse,Rebecca Bennett
42,OBJ8619,CLOSED,Biodiversity,"Cum sociis natoque penatibus et magnis dis parturient montes, nascetur ridiculus mus. Vivamus vestibulum sagittis sapien.",,Rebecca Bennett
43,OBJ5758,LIVE,Community Engagement,"Mauris ullamcorper purus sit amet nulla. Quisque arcu libero, rutrum ac, lobortis vel, dapibus at, diam.",,Rebecca Bennett
44,OBJ8217,CLOSED,Waste Management,"Vestibulum ante ipsum primis in faucibus orci luctus et ultrices posuere cubilia Curae; Nulla dapibus dolor vel est. Donec odio justo, sollicitudin ut, suscipit a, feugiat et, eros. Vestibulum ac est lacinia nisi venenatis tristique.",in faucibus orci luctus et,Rebecca Bennett
45,OBJ4582,CLOSED,Travel & Transport,"In blandit ultrices enim. Lorem ipsum dolor sit amet, consectetuer adipiscing elit.",in purus eu,Nia Prys-Williams
46,OBJ0368,LIVE,Energy Water & Carbon,Sed vel enim sit amet nunc viverra dapibus. Nulla suscipit ligula in lacus. Curabitur at ipsum ac tellus semper interdum.,,Nia Prys-Williams
47,OBJ1420,CLOSED,Environmental Management,"Morbi porttitor lorem id ligula. Suspendisse ornare consequat lectus. In est risus, auctor sed, tristique in, tempus sit amet, sem.",ac enim in tempor,Nia Prys-Williams
48,OBJ5203,LIVE,Sustainable Procurement,"Nullam orci pede, venenatis non, sodales sed, tincidunt eu, felis. Fusce posuere felis sed lacus. Morbi sem mauris, laoreet ut, rhoncus aliquet, pulvinar sed, nisl.",turpis integer aliquet massa id,Rebecca Bennett
49,OBJ0114,LIVE,Waste Management,Nulla ut erat id mauris vulputate elementum. Nullam varius. Nulla facilisi. Cras non velit nec nisi vulputate nonummy.,vitae mattis nibh ligula nec,Rebecca Bennett
50,OBJ5321,CLOSED,Travel & Transport,Pellentesque at nulla.,consequat,Nia Prys-Williams
51,OBJ2279,CLOSED,Energy Water & Carbon,Etiam pretium iaculis justo. In hac habitasse platea dictumst. Etiam faucibus cursus urna.,,Rebecca Bennett
52,OBJ8541,CLOSED,Waste Management,Pellentesque eget nunc.,,Rebecca Bennett
53,OBJ1734,CLOSED,Waste Management,Integer ac leo. Pellentesque ultrices mattis odio. Donec vitae nisi.,,Rebecca Bennett
54,OBJ3606,LIVE,Energy Water & Carbon,Integer ac neque.,,Rebecca Bennett
55,OBJ3151,CLOSED,Biodiversity,"Duis consequat dui nec nisi volutpat eleifend. Donec ut dolor. Morbi vel lectus in quam fringilla rhoncus. Mauris enim leo, rhoncus sed, vestibulum sit amet, cursus id, turpis.",dignissim vestibulum,Rebecca Bennett
56,OBJ0277,CLOSED,Sustainable Procurement,"Nulla neque libero, convallis eget, eleifend luctus, ultricies eu, nibh.",,Rebecca Bennett
57,OBJ8389,CLOSED,Community Engagement,Proin risus. Praesent lectus.,etiam faucibus cursus urna ut,Rebecca Bennett
58,OBJ5047,LIVE,Sustainable Procurement,"Nulla suscipit ligula in lacus. Curabitur at ipsum ac tellus semper interdum. Mauris ullamcorper purus sit amet nulla. Quisque arcu libero, rutrum ac, lobortis vel, dapibus at, diam.",nulla sed accumsan felis ut,Nia Prys-Williams
59,OBJ6961,CLOSED,Sustainable Procurement,Etiam pretium iaculis justo. In hac habitasse platea dictumst. Etiam faucibus cursus urna. Ut tellus.,,Rebecca Bennett
60,OBJ2852,LIVE,Energy Water & Carbon,"Nunc rhoncus dui vel sem. Sed sagittis. Nam congue, risus semper porta volutpat, quam pede lobortis ligula, sit amet eleifend pede libero quis orci.",,Nia Prys-Williams
61,OBJ8590,LIVE,Travel & Transport,Nullam varius. Nulla facilisi.,cubilia curae mauris viverra,Nia Prys-Williams
62,OBJ2398,CLOSED,Biodiversity,Praesent id massa id nisl venenatis lacinia. Aenean sit amet justo.,,Nia Prys-Williams
63,OBJ4991,CLOSED,Sustainable Procurement,Duis aliquam convallis nunc.,ornare consequat lectus in,Nia Prys-Williams
64,OBJ5666,LIVE,Waste Management,Nulla ut erat id mauris vulputate elementum. Nullam varius. Nulla facilisi. Cras non velit nec nisi vulputate nonummy.,morbi vel,Rebecca Bennett
65,OBJ1080,LIVE,Travel & Transport,"Donec odio justo, sollicitudin ut, suscipit a, feugiat et, eros. Vestibulum ac est lacinia nisi venenatis tristique. Fusce congue, diam id ornare imperdiet, sapien urna pretium nisl, ut volutpat sapien arcu sed augue.",,Rebecca Bennett
66,OBJ2947,CLOSED,Biodiversity,In hac habitasse platea dictumst. Maecenas ut massa quis augue luctus tincidunt.,imperdiet et commodo vulputate justo,Rebecca Bennett
67,OBJ8148,LIVE,Travel & Transport,Integer ac neque. Duis bibendum. Morbi non quam nec dui luctus rutrum. Nulla tellus.,,Nia Prys-Williams
68,OBJ3172,LIVE,Sustainable Procurement,"Nunc nisl. Duis bibendum, felis sed interdum venenatis, turpis enim blandit mi, in porttitor pede justo eu massa. Donec dapibus.",eros,Nia Prys-Williams
69,OBJ8069,LIVE,Energy Water & Carbon,Nulla nisl.,,Nia Prys-Williams
70,OBJ6575,CLOSED,Sustainable Procurement,"Quisque porta volutpat erat. Quisque erat eros, viverra eget, congue eget, semper rutrum, nulla. Nunc purus.",,Rebecca Bennett
71,OBJ7404,CLOSED,Waste Management,Nullam molestie nibh in lectus. Pellentesque at nulla. Suspendisse potenti. Cras in purus eu magna vulputate luctus.,,Nia Prys-Williams
72,OBJ8167,LIVE,Community Engagement,Nullam sit amet turpis elementum ligula vehicula consequat. Morbi a ipsum. Integer a nibh.,,Rebecca Bennett
73,OBJ0962,LIVE,Biodiversity,Nullam molestie nibh in lectus. Pellentesque at nulla. Suspendisse potenti.,,Rebecca Bennett
74,OBJ5643,CLOSED,Sustainable Procurement,Duis bibendum. Morbi non quam nec dui luctus rutrum. Nulla tellus. In sagittis dui vel nisl.,in felis donec semper,Rebecca Bennett
75,OBJ5494,LIVE,Energy Water & Carbon,"Curabitur in libero ut massa volutpat convallis. Morbi odio odio, elementum eu, interdum eu, tincidunt in, leo. Maecenas pulvinar lobortis est.",,Nia Prys-Williams
76,OBJ8512,LIVE,Energy Water & Carbon,"Vestibulum ante ipsum primis in faucibus orci luctus et ultrices posuere cubilia Curae; Nulla dapibus dolor vel est. Donec odio justo, sollicitudin ut, suscipit a, feugiat et, eros. Vestibulum ac est lacinia nisi venenatis tristique. Fusce congue, diam id ornare imperdiet, sapien urna pretium nisl, ut volutpat sapien arcu sed augue.",interdum,Rebecca Bennett
77,OBJ4157,CLOSED,Waste Management,Duis aliquam convallis nunc.,,Rebecca Bennett
78,OBJ9808,CLOSED,Travel & Transport,Suspendisse potenti. Nullam porttitor lacus at turpis. Donec posuere metus vitae ipsum.,blandit,Rebecca Bennett
79,OBJ0461,CLOSED,Travel & Transport,"Aenean fermentum. Donec ut mauris eget massa tempor convallis. Nulla neque libero, convallis eget, eleifend luctus, ultricies eu, nibh.",duis ac nibh,Nia Prys-Williams
80,OBJ8307,CLOSED,Waste Management,Etiam faucibus cursus urna. Ut tellus.,ridiculus mus,Nia Prys-Williams
81,OBJ5428,LIVE,Environmental Management,Donec semper sapien a libero. Nam dui.,,Nia Prys-Williams
82,OBJ4365,CLOSED,Energy Water & Carbon,"Quisque erat eros, viverra eget, congue eget, semper rutrum, nulla. Nunc purus. Phasellus in felis. Donec semper sapien a libero.",orci vehicula condimentum curabitur,Nia Prys-Williams
83,OBJ5710,LIVE,Biodiversity,Aliquam quis turpis eget elit sodales scelerisque.,magnis dis,Rebecca Bennett
84,OBJ5581,LIVE,Community Engagement,Maecenas tincidunt lacus at velit.,,Nia Prys-Williams
85,OBJ8970,CLOSED,Environmental Management,Morbi non quam nec dui luctus rutrum. Nulla tellus. In sagittis dui vel nisl. Duis ac nibh.,,Rebecca Bennett
86,OBJ1699,CLOSED,Community Engagement,Maecenas tincidunt lacus at velit. Vivamus vel nulla eget eros elementum pellentesque. Quisque porta volutpat erat.,,Nia Prys-Williams
87,OBJ6195,LIVE,Waste Management,Morbi a ipsum. Integer a nibh. In quis justo.,nunc viverra dapibus nulla suscipit,Rebecca Bennett
88,OBJ4536,LIVE,Biodiversity,Sed vel enim sit amet nunc viverra dapibus. Nulla suscipit ligula in lacus. Curabitur at ipsum ac tellus semper interdum.,,Rebecca Bennett
89,OBJ3699,CLOSED,Environmental Management,Mauris sit amet eros.,sagittis dui vel,Nia Prys-Williams
90,OBJ7110,CLOSED,Biodiversity,"In hac habitasse platea dictumst. Aliquam augue quam, sollicitudin vitae, consectetuer eget, rutrum at, lorem.",,Rebecca Bennett
91,OBJ5746,CLOSED,Waste Management,"Morbi vestibulum, velit id pretium iaculis, diam erat fermentum justo, nec condimentum neque sapien placerat ante. Nulla justo. Aliquam quis turpis eget elit sodales scelerisque. Mauris sit amet eros.",volutpat in,Nia Prys-Williams
92,OBJ8536,CLOSED,Sustainable Procurement,Nunc rhoncus dui vel sem. Sed sagittis.,,Rebecca Bennett
93,OBJ2889,LIVE,Biodiversity,"Morbi vestibulum, velit id pretium iaculis, diam erat fermentum justo, nec condimentum neque sapien placerat ante.",,Nia Prys-Williams
94,OBJ2704,LIVE,Sustainable Procurement,In hac habitasse platea dictumst.,amet sem,Nia Prys-Williams
95,OBJ7130,CLOSED,Sustainable Procurement,"Mauris enim leo, rhoncus sed, vestibulum sit amet, cursus id, turpis. Integer aliquet, massa id lobortis convallis, tortor risus dapibus augue, vel accumsan tellus nisi eu orci. Mauris lacinia sapien quis libero.",eget tempus vel pede,Nia Prys-Williams
96,OBJ5092,LIVE,Sustainable Procurement,Vestibulum sed magna at nunc commodo placerat. Praesent blandit.,convallis,Rebecca Bennett
97,OBJ8640,LIVE,Community Engagement,Suspendisse accumsan tortor quis turpis.,massa tempor convallis,Nia Prys-Williams
98,OBJ0451,LIVE,Environmental Management,Mauris ullamcorper purus sit amet nulla.,neque libero convallis eget,Nia Prys-Williams
99,OBJ8909,CLOSED,Energy Water & Carbon,"Nulla nisl. Nunc nisl. Duis bibendum, felis sed interdum venenatis, turpis enim blandit mi, in porttitor pede justo eu massa. Donec dapibus.",mauris ullamcorper purus sit amet,Nia Prys-Williams
100,OBJ2379,CLOSED,Environmental Management,"Vivamus metus arcu, adipiscing molestie, hendrerit at, vulputate vitae, nisl. Aenean lectus. Pellentesque eget nunc. Donec quis orci eget orci vehicula condimentum.",magnis dis parturient,Rebecca Bennett
